{"cameraMode":{"drawMode":0,"name":"Shaded","section":"Shading Mode"},"sceneLighting":false,"audioPlay":false,"sceneViewState":{"showFog":true,"showMaterialUpdate":false,"showSkybox":false,"showFlares":true,"showImageEffects":true,"showParticleSystems":true},"in2DMode":false,"pivot":{"x":29.218833923339845,"y":7.532680988311768,"z":-52.4542121887207},"rotation":{"x":-0.31078997254371645,"y":0.6237314343452454,"z":-0.2969312071800232,"w":-0.6528432965278626},"size":8.129398345947266,"orthographic":false}