{"cameraMode":{"drawMode":0,"name":"Shaded","section":"Shading Mode"},"sceneLighting":true,"audioPlay":false,"sceneViewState":{"showFog":true,"showMaterialUpdate":false,"showSkybox":true,"showFlares":true,"showImageEffects":true,"showParticleSystems":true},"in2DMode":false,"pivot":{"x":205.0435028076172,"y":143.51113891601563,"z":1304.593505859375},"rotation":{"x":0.22156931459903718,"y":-0.7364757061004639,"z":0.28531476855278017,"w":0.5719326138496399},"size":153.56192016601563,"orthographic":false}