{"cameraMode":{"drawMode":0,"name":"Shaded","section":"Shading Mode"},"sceneLighting":true,"audioPlay":false,"sceneViewState":{"showFog":true,"showMaterialUpdate":true,"showSkybox":true,"showFlares":true,"showImageEffects":true,"showParticleSystems":true},"in2DMode":false,"pivot":{"x":12.786178588867188,"y":-28.68975830078125,"z":1349.927490234375},"rotation":{"x":0.2086171954870224,"y":-0.4748190939426422,"z":0.11697358638048172,"w":0.8470244407653809},"size":320.92059326171877,"orthographic":false}