{"cameraMode":{"drawMode":0,"name":"Shaded","section":"Shading Mode"},"sceneLighting":false,"audioPlay":false,"sceneViewState":{"showFog":true,"showMaterialUpdate":false,"showSkybox":false,"showFlares":true,"showImageEffects":true,"showParticleSystems":true},"in2DMode":false,"pivot":{"x":60.400604248046878,"y":27.517208099365236,"z":17.285280227661134},"rotation":{"x":-0.06923346221446991,"y":0.900953471660614,"z":-0.15641576051712037,"w":-0.3987835645675659},"size":6.577977657318115,"orthographic":false}