{"cameraMode":{"drawMode":0,"name":"Shaded","section":"Shading Mode"},"sceneLighting":false,"audioPlay":false,"sceneViewState":{"showFog":true,"showMaterialUpdate":false,"showSkybox":false,"showFlares":true,"showImageEffects":true,"showParticleSystems":true},"in2DMode":false,"pivot":{"x":1.7498087882995606,"y":12.753965377807618,"z":7.171288967132568},"rotation":{"x":-0.14549051225185395,"y":-0.717103898525238,"z":-0.15738673508167268,"w":0.663246214389801},"size":4.200016975402832,"orthographic":false}