{"cameraMode":{"drawMode":0,"name":"Shaded","section":"Shading Mode"},"sceneLighting":false,"audioPlay":false,"sceneViewState":{"showFog":true,"showMaterialUpdate":false,"showSkybox":false,"showFlares":true,"showImageEffects":true,"showParticleSystems":true},"in2DMode":false,"pivot":{"x":0.000004706618710770272,"y":-0.0000073847159001161348,"z":0.000023397904442390427},"rotation":{"x":-0.0929037481546402,"y":-0.43480420112609866,"z":-0.045206695795059207,"w":0.8946183919906616},"size":0.000017320508050033823,"orthographic":false}