{"cameraMode":{"drawMode":0,"name":"Shaded","section":"Shading Mode"},"sceneLighting":false,"audioPlay":false,"sceneViewState":{"showFog":true,"showMaterialUpdate":false,"showSkybox":false,"showFlares":true,"showImageEffects":true,"showParticleSystems":true},"in2DMode":false,"pivot":{"x":5.328439712524414,"y":-4.258090019226074,"z":1.7835454940795899},"rotation":{"x":-0.2168673574924469,"y":-0.43323785066604617,"z":0.1082356795668602,"w":-0.8680938482284546},"size":13.86124324798584,"orthographic":false}