{"cameraMode":{"drawMode":0,"name":"Shaded","section":"Shading Mode"},"sceneLighting":false,"audioPlay":false,"sceneViewState":{"showFog":true,"showMaterialUpdate":false,"showSkybox":false,"showFlares":true,"showImageEffects":true,"showParticleSystems":true},"in2DMode":false,"pivot":{"x":12.52143383026123,"y":-1.3224334716796876,"z":-9.466850280761719},"rotation":{"x":-0.10730401426553726,"y":-0.5197099447250366,"z":0.06599622964859009,"w":-0.8450074195861816},"size":9.425958633422852,"orthographic":false}