{"cameraMode":{"drawMode":0,"name":"Shaded","section":"Shading Mode"},"sceneLighting":false,"audioPlay":false,"sceneViewState":{"showFog":true,"showMaterialUpdate":true,"showSkybox":false,"showFlares":true,"showImageEffects":true,"showParticleSystems":true},"in2DMode":false,"pivot":{"x":-0.055755615234375,"y":39.37008285522461,"z":-32.75129699707031},"rotation":{"x":0.2666434645652771,"y":-0.4510250985622406,"z":0.14326417446136475,"w":0.8396716713905335},"size":276.7835998535156,"orthographic":false}