{"cameraMode":{"drawMode":0,"name":"Shaded","section":"Shading Mode"},"sceneLighting":false,"audioPlay":false,"sceneViewState":{"showFog":true,"showMaterialUpdate":false,"showSkybox":false,"showFlares":true,"showImageEffects":true,"showParticleSystems":true},"in2DMode":false,"pivot":{"x":0.0,"y":3.1763735522036265e-22,"z":-0.000003814697265625},"rotation":{"x":0.23539769649505616,"y":-0.08239859342575073,"z":0.020027093589305879,"w":0.9682046175003052},"size":55.901702880859378,"orthographic":false}