{"cameraMode":{"drawMode":0,"name":"Shaded","section":"Shading Mode"},"sceneLighting":false,"audioPlay":false,"sceneViewState":{"showFog":true,"showMaterialUpdate":true,"showSkybox":false,"showFlares":true,"showImageEffects":true,"showParticleSystems":true},"in2DMode":false,"pivot":{"x":-31.156707763671876,"y":3.9695072174072267,"z":8.489778518676758},"rotation":{"x":0.000028903883503517136,"y":-0.7678406834602356,"z":-0.000022098149202065542,"w":0.6407029032707214},"size":2.3446037769317629,"orthographic":false}